﻿{"cameraMode":{"drawMode":0,"name":"Shaded","section":"Shading Mode"},"sceneLighting":true,"audioPlay":false,"sceneViewState":{"showFog":true,"showMaterialUpdate":false,"showSkybox":true,"showFlares":true,"showImageEffects":true,"showParticleSystems":true},"in2DMode":false,"pivot":{"x":-0.3371679484844208,"y":6.305641174316406,"z":17.501453399658204},"rotation":{"x":-0.40115463733673098,"y":0.015047026798129082,"z":-0.006717079319059849,"w":-0.9159314632415772},"size":29.86772346496582,"orthographic":false}