﻿{"cameraMode":{"drawMode":0,"name":"Shaded","section":"Shading Mode"},"sceneLighting":false,"audioPlay":false,"sceneViewState":{"showFog":true,"showMaterialUpdate":false,"showSkybox":false,"showFlares":true,"showImageEffects":true,"showParticleSystems":true},"in2DMode":false,"pivot":{"x":-0.2934800088405609,"y":0.8568153381347656,"z":-22.569156646728517},"rotation":{"x":-0.12656652927398683,"y":0.5952397584915161,"z":-0.09563770145177841,"w":-0.7877357602119446},"size":21.196195602416993,"orthographic":false}